﻿<?xml version="1.0" encoding="utf-8"?>
<manifest identifier="_6pBdlz8za1U" version="1.0" xmlns="http://www.imsproject.org/xsd/imscp_rootv1p1p2" xmlns:adlcp="http://www.adlnet.org/xsd/adlcp_rootv1p2" xmlns:xsi="http://www.w3.org/2001/XMLSchema-instance" xsi:schemaLocation="http://www.imsproject.org/xsd/imscp_rootv1p1p2 imscp_rootv1p1p2.xsd http://www.imsglobal.org/xsd/imsmd_rootv1p2p1 imsmd_rootv1p2p1.xsd http://www.adlnet.org/xsd/adlcp_rootv1p2 adlcp_rootv1p2.xsd">
  <metadata>
    <schema>ADL SCORM</schema>
    <schemaversion>1.2</schemaversion>
    <lom xmlns="http://www.imsglobal.org/xsd/imsmd_rootv1p2p1" xmlns:xsi="http://www.w3.org/2001/XMLSchema-instance" xsi:schemaLocation="http://www.imsglobal.org/xsd/imsmd_rootv1p2p1 imsmd_rootv1p2p1.xsd">
      <general>
        <title>
          <langstring xml:lang="x-none">etkilesimli-icerik</langstring>
        </title>
      </general>
      <lifecycle>
        <version>
          <langstring xml:lang="x-none">1</langstring>
        </version>
        <status>
          <source>
            <langstring xml:lang="x-none">LOMv1.0</langstring>
          </source>
          <value>
            <langstring xml:lang="x-none">Final</langstring>
          </value>
        </status>
      </lifecycle>
      <metametadata>
        <metadatascheme>ADL SCORM 1.2</metadatascheme>
      </metametadata>
      <educational>
        <typicallearningtime>
          <datetime>PT0H0M0S</datetime>
        </typicallearningtime>
      </educational>
      <rights>
        <cost>
          <source>
            <langstring xml:lang="x-none">LOMv1.0</langstring>
          </source>
          <value>
            <langstring xml:lang="x-none">yes</langstring>
          </value>
        </cost>
        <copyrightandotherrestrictions>
          <source>
            <langstring xml:lang="x-none">LOMv1.0</langstring>
          </source>
          <value>
            <langstring xml:lang="x-none">yes</langstring>
          </value>
        </copyrightandotherrestrictions>
      </rights>
    </lom>
  </metadata>
  <organizations default="etkilesimli-icerik_ORG">
    <organization identifier="etkilesimli-icerik_ORG">
      <title>etkilesimli-icerik</title>
      <item identifier="Şablon_SCO" isvisible="true" identifierref="__6pBdlz8za1U_RES">
        <title>etkilesimli-icerik</title>
        <adlcp:masteryscore>0</adlcp:masteryscore>
      </item>
    </organization>
  </organizations>
  <resources>
    <resource identifier="__6pBdlz8za1U_RES" type="webcontent" href="index_lms.html" adlcp:scormtype="sco">
      <file href="story_content/thumbnail.jpg" />
      <file href="mobile/5n0pWMDKKqx.png" />
      <file href="story_content/6o2wzeISPqE_44100_48_0.mp3" />
      <file href="mobile/6Rcwlqg0SDP.png" />
      <file href="mobile/6lcPTcZzdkg.png" />
      <file href="mobile/6NFFcyPSvuf.png" />
      <file href="mobile/5oTc9xGULo6.png" />
      <file href="mobile/5c50g9bz17n.png" />
      <file href="mobile/6isCMpX3hEb.png" />
      <file href="mobile/6UNmXmUYNqp.png" />
      <file href="mobile/6QGtnQhxU3c.png" />
      <file href="mobile/61joHpUD7Zn.png" />
      <file href="mobile/63sssZe582Q.png" />
      <file href="mobile/69aEurDHKb2.png" />
      <file href="mobile/6ZaDmlZtF67.png" />
      <file href="mobile/6JslUI3LBkW.png" />
      <file href="mobile/6WQ6AN75LVy.png" />
      <file href="mobile/6VpGQ7Rgapv.png" />
      <file href="mobile/5Z4lZInNiSn.png" />
      <file href="mobile/672yzfPJjRK6jittcJ1KC7{Width=1102.358, Height=615}Light.png" />
      <file href="mobile/5qVe1IpqFcO.png" />
      <file href="mobile/6QjgQL4SnNM.png" />
      <file href="mobile/5ttCoGA0dNT.png" />
      <file href="mobile/6dCiZg0WsXn.png" />
      <file href="mobile/6WmSkL9JI0I.png" />
      <file href="mobile/5ugyLif3fyk.png" />
      <file href="mobile/6Zrtimo8mTL.png" />
      <file href="mobile/5ibPYpjMGQs.png" />
      <file href="mobile/6Q4gGTBlAKj.png" />
      <file href="mobile/6TNDpzTbybH.png" />
      <file href="mobile/5to952JkRde.png" />
      <file href="mobile/5YgvC0AUpCz.png" />
      <file href="mobile/5uj96YvTqpN.png" />
      <file href="mobile/5ZxhwfvWMih.png" />
      <file href="mobile/6dYhvGsiCqu.png" />
      <file href="mobile/5m2HDMosPCm.png" />
      <file href="mobile/6etXbl8L7m4.png" />
      <file href="mobile/5uNwfOQ6Azd.png" />
      <file href="mobile/5gww5E5gsNd.png" />
      <file href="mobile/6EbUcbqzLcg.png" />
      <file href="mobile/6NQwRfbIb8m.png" />
      <file href="mobile/5qojQQEQnxr.png" />
      <file href="story_content/6KuY0jUKZnD_44100_48_0.mp3" />
      <file href="mobile/5WU8xsMHlVc.png" />
      <file href="mobile/6URQvDD9uwq.png" />
      <file href="story_content/60EdfTj69Nr_44100_48_0.mp3" />
      <file href="story_content/5ZQOqlO9wa6_44100_48_0.mp3" />
      <file href="story_content/5x0Jl3waXu2_44100_48_0.mp3" />
      <file href="mobile/663e3vZ8KwI.png" />
      <file href="mobile/5oZBcsVnZta.png" />
      <file href="mobile/6Gz8rrh1F6U.png" />
      <file href="mobile/6bqLORTp51J.png" />
      <file href="mobile/60z0hgfNeZt.png" />
      <file href="mobile/5eX13bUL4KY.png" />
      <file href="mobile/63DQzRZZGvA.png" />
      <file href="mobile/6bGnSPuLIPi.png" />
      <file href="mobile/6eS7RMqTAeX.png" />
      <file href="mobile/5xiIsqoxU9d.png" />
      <file href="story_content/6UJrDlTmSGc_44100_48_0.mp3" />
      <file href="mobile/6TuW5VhRQ7B.png" />
      <file href="mobile/6V0wesn35za.png" />
      <file href="mobile/6QbIsY0UugE.png" />
      <file href="mobile/6ZhoqPRIxM4.png" />
      <file href="mobile/5uIjRwhdhyg.png" />
      <file href="mobile/67EcHRlT36E.png" />
      <file href="mobile/6gu7dyoI0uf.png" />
      <file href="mobile/6441SJdCsB8.png" />
      <file href="mobile/614vy9AM1uZ.png" />
      <file href="mobile/6DTRPGza89Q.png" />
      <file href="story_content/6U4HiS3XZik_44100_48_0.mp3" />
      <file href="mobile/5YGf8hGtKfe.png" />
      <file href="mobile/5pocovuFp2e.png" />
      <file href="mobile/6aZyFRvawvW.png" />
      <file href="mobile/65qQkIKyjBA.png" />
      <file href="mobile/60pEKkEaa0X.png" />
      <file href="mobile/6ZbvaUfNUZT.png" />
      <file href="meta.xml" />
      <file href="story_content/triggers.js" />
      <file href="story_content/user.js" />
      <file href="mobile/Slide6K5PrQwnHb0.jpg" />
      <file href="mobile/Slide6rjW2fWiWkC.jpg" />
      <file href="mobile/Slide5yyHQAkCu98.jpg" />
      <file href="html5/data/css/output.min.css" />
      <file href="html5/data/js/5nA041tpMz5.js" />
      <file href="html5/data/js/5uH6ksnkvry.js" />
      <file href="html5/data/js/5WAG7hfaoVj.js" />
      <file href="html5/data/js/6G1J2T8fN7H.js" />
      <file href="html5/data/js/6gg4JKVKigk.js" />
      <file href="html5/data/js/6ipzqLclUvI.js" />
      <file href="html5/data/js/data.js" />
      <file href="html5/data/js/frame.js" />
      <file href="html5/data/js/paths.js" />
      <file href="html5/lib/scripts/bootstrapper.min.js" />
      <file href="html5/lib/scripts/frame.desktop.min.js" />
      <file href="html5/lib/scripts/frame.mobile.min.js" />
      <file href="html5/lib/scripts/slides.min.js" />
      <file href="html5/lib/stylesheets/desktop.min.css" />
      <file href="html5/lib/stylesheets/mobile.min.css" />
      <file href="html5/lib/stylesheets/mobile-fonts/open-sans-bold.woff" />
      <file href="html5/lib/stylesheets/mobile-fonts/open-sans-light.woff" />
      <file href="html5/lib/stylesheets/mobile-fonts/open-sans-regular.woff" />
      <file href="analytics-frame.html" />
      <file href="story.html" />
      <file href="index_lms.html" />
      <file href="lms/AICCComm.html" />
      <file href="lms/blank.html" />
      <file href="lms/browsersniff.js" />
      <file href="lms/goodbye.html" />
      <file href="lms/scormdriver.js" />
    </resource>
  </resources>
</manifest>