<?xml version="1.0" standalone="no" ?>
<manifest identifier="duygu_galaksisi_pkg" version="1.0" 
          xmlns="http://www.imsproject.org/xsd/imscp_rootv1p1p2" 
          xmlns:adlcp="http://www.adlnet.org/xsd/adlcp_rootv1p2" 
          xmlns:xsi="http://www.w3.org/2001/XMLSchema-instance" 
          xsi:schemaLocation="http://www.imsproject.org/xsd/imscp_rootv1p1p2 imscp_rootv1p1p2.xsd 
                              http://www.imsglobal.org/xsd/imsmd_rootv1p2p1 imsmd_rootv1p2p1.xsd 
                              http://www.adlnet.org/xsd/adlcp_rootv1p2 adlcp_rootv1p2.xsd">

    <metadata>
        <schema>ADL SCORM</schema>
        <schemaversion>1.2</schemaversion>
    </metadata>

    <organizations default="duygu_galaksisi_org">
        <organization identifier="duygu_galaksisi_org">
            <title>Duygu Galaksisi</title>
            <item identifier="duygu_galaksisi_item" identifierref="duygu_galaksisi_res">
                <title>Duygu Galaksisi Etkinliği</title>
            </item>
        </organization>
    </organizations>

    <resources>
        <resource identifier="duygu_galaksisi_res" type="webcontent" adlcp:scormtype="sco" href="index.html">
            <file href="index.html"/>
            <file href="scorm_api.js"/>
            <file href="assets/css/style.css"/>
            <file href="assets/js/main.js"/>
        </resource>
    </resources>
</manifest>
